no,name
2001,hamasaki_mao
3569,hamasaki_mao
5853,kurusu_mayu
6247,mari_rika
4574,asakura_yu
2068,othuki_hibiki
3188,othuki_hibiki
4087,mizuno_asahi
4230,matsumoto_mei
3999,matsumoto_mei
5277,uehara_ai
3685,sunohara_miki
1617,sunohara_miki
5507,hasure_kurea
5470,hasure_kurea
2359,miyazaki_aya
5487,miyazaki_aya
3899,shibuya_kaho
4129,AIKA
4708,shinoda_ayumi
4135,abe_mikako
4081,kinoshita_nene
5857,shiina_sora
6288,shiina_sona
6295,sasaki_aki
5837,sasaki_aki
2320,shinoda_yu
4853,shinoda_yu
5856,suzuki_airi
5624,suzuki_airi
4144,RION
4368,RION
4524,RION
4335,atomi_shuri
5878,mikami_yua
5988,mikami_yua
6019,takahashi_shouko
5951,takahashi_shouko
3136,misaki_kanna
1804,kawana_misuzu
2774,kawana_misuzu
2948,tsubomi
4688,tsubomi
6051,sonoda_mion
5945,sonoda_mion
6112,ono_nonoka
2818,kitagawa_erika
4699,ishihara_rina
3923,ishihara_rina
4507,mukai_ai
4970,himekawa_yuna
6251,suzukawa_ayane
5466,suzukawa_ayane
3975,natsume_airi
5076,natsume_airi
4854,kasumi_kaho
3925,sawamura_reiko
3471,kurata_mao
4037,sakura_chinami
5907,hashimoto_arina
5821,hashimoto_arina
6074,ichikawa_masami
5017,ichikawa_masami
5124,eikawa_noa
3501,asuka_kirara
2122,asuka_kirara
5855,kimiiro_kanon
3247,onoue_wakaba
2058,onoue_wakaba
5029,amami_tubasa
4886,horikita_sakura
5444,minato_riku
4841,minato_riku
1955,otoha_nanase
4163,omori_rena
4875,sakurai_ayu
3362,yoshizawa_akibo
3216,yoshizawa_akibo
2665,JULIA
5342,kotani_minori
4296,suzuki_koharu
5493,suzuki_koharu
5970,ayami_shunka
4322,hatsumi_saki
4220,hatsumi_saki
1855,shiina_yuna
3430,shiina_yuna
2626,kamihata_ichika
1427,kamihata_ichika
4259,minami_riona
4864,amatsuka_moe
5057,amatsuka_moe
4023,iioka_kanako
2880,iioka_kanako
4415,honda_riko
3468,honda_riko
3689,kizaki_jecica
5368,kizaki_jecica
2473,tomoda_ayaka
2738,kizaki_jecica
3113,tomoda_ayaka
3018,satou_haruki
3117,aizawa_tsubasa
3594,satou_haruki
3797,hirose_umi
5289,hirose_umi
3147,mori_harura
5066,usami_haru
5230,usami_haru
4600,kobayakawa_reiko
4582,natsuki_minami
3045,natsuki_minami
6312,ootori_kaname
4216,minaki_haruka
3422,minaki_haruka
5704,kokonoe_kanna
6306,kokonoe_kanna
3880,nozomi_mayu
4690,nozomi_mayu
5704,kokonoe_kanna
6306,kokonoe_kanna
3880,nozomi_mayu
4690,nozomi_mayu
1436,yoshikawa_aimi
1729,yoshikawa_aimi
1481,maeda_kaori
3047,maeda_kaori
4271,ogura_kawori
5396,ito_chinami
5990,ito_chinami
2791,konno_hikaru
1870,konno_hika0u
2999,nagomi
2081,arimura_chika
2767,arimura_chika
3991,oshima_mio
4354,oshima_mio
3350,kawamura_maya
3602,kawamura_maya
5835,kawamura_maya
4572,kawakami_nanami
4609,kawakami_nanami
5151,akane_aoi
5395,akane_aoi
4694,huyutsuki_kaede
3939,huyutsuki_kaede
3225,shiraishi_marina
4198,shiraishi_marina
2073,momotani_erika
5300,sakura_mana
5690,sakura_mana
5320,yume_kana
2995,yume_kana
2578,satomi_yuria
1152,satomi_yuria
3416,oohashi_miku
3345,oohashi_miku
4396,kishi_aino
4720,kishi_aino
3156,ogura_nana
1322,ogura_nana
3041,miyuki_arisu
4454,miyuki_arisu
1580,satou_haruka
3018,satou_haruka
3594,satou_haruka
