0,波多野結衣
1,紗倉まな
2,佳苗るか
3,あおいれな
4,阿部乃みく
5,浜崎真緒
6,麻里梨夏
7,大槻ひびき
8,水野朝陽
9,松本メイ
10,上原亜衣
11,春原未来
12,蓮実クレア
13,宮崎あや
14,澁谷果歩
15,AIKA
16,篠田あゆみ
17,あべみかこ
18,椎名そら
19,佐々木あき
20,篠田ゆう
21,鈴村あいり
22,川上ゆう（森野雫）
23,跡美しゅり
24,三上悠亜
25,高橋しょう子
26,美咲かんな
27,風間ゆみ
28,川菜美鈴
29,つぼみ
30,戸田真琴
31,園田みおん
32,北川エリカ
33,石原莉奈
34,向井藍
35,姫川ゆうな
36,涼川絢音
37,なつめ愛莉
38,羽月希
39,かすみ果穂
40,澤村レイコ（高坂保奈美、高坂ますみ）
41,倉多まお
42,桜ちなみ
43,橋本ありな
44,RION
45,市川まさみ
46,栄川乃亜
47,明日花キララ
48,尾上若葉
49,天海つばさ
50,湊莉久
51,乙葉ななせ
52,斉藤みゆ
53,桜井あゆ
54,吉沢明歩
55,JULIA
56,小谷みのり
57,鈴木心春
58,あやみ旬果
59,推川ゆうり
60,初美沙希
61,椎名ゆな
62,神波多一花
63,南梨央奈
64,吉永あかね
65,天使もえ
66,森沢かな（飯岡かなこ）
67,本田莉子
68,希崎ジェシカ
69,友田彩也香
70,さとう遥希
71,広瀬うみ
72,森はるら
73,卯水咲流
74,羽咲みはる
75,小早川怜子
76,夏希みなみ
77,葵つかさ
78,凰かなめ
79,波木はるか
80,九重かんな
81,吹石れな
82,希美まゆ
83,吉川あいみ
84,KAORI
85,彩奈リナ（七原あかり）
86,伊東ちなみ
87,紺野ひかる
88,なごみ
89,あず希
90,星野ナミ
91,有村千佳
92,大島美緒
93,川村まや
94,川上奈々美
95,小西まりえ
96,葵
97,冬月かえで
98,神納花
99,水城奈緒
